node,cluster
X.14.or.15..methylpalmitate..a17.0.or.i17.0.,1
X.16.or.17..methylstearate..a19.0.or.i19.0.,1
X.2.4.or.2.5..dimethylphenol.sulfate,1
X.N.1....N.8...acetylspermidine,0
X.S..3.hydroxybutyrylcarnitine,1
X1..1.enyl.oleoyl..GPE..P.18.1..,0
X1..1.enyl.palmitoyl..2.arachidonoyl.GPC..P.16.0.20.4..,1
X1..1.enyl.palmitoyl..2.arachidonoyl.GPE..P.16.0.20.4..,1
X1..1.enyl.palmitoyl..2.linoleoyl.GPC..P.16.0.18.2..,0
X1..1.enyl.palmitoyl..2.linoleoyl.GPE..P.16.0.18.2..,1
X1..1.enyl.palmitoyl..2.oleoyl.GPC..P.16.0.18.1..,1
X1..1.enyl.palmitoyl..2.oleoyl.GPE..P.16.0.18.1..,1
X1..1.enyl.palmitoyl..2.palmitoleoyl.GPC..P.16.0.16.1..,1
X1..1.enyl.palmitoyl..2.palmitoyl.GPC..P.16.0.16.0..,1
X1..1.enyl.palmitoyl..GPC..P.16.0..,1
X1..1.enyl.palmitoyl..GPE..P.16.0..,1
X1..1.enyl.stearoyl..2.arachidonoyl.GPE..P.18.0.20.4..,1
X1..1.enyl.stearoyl..2.linoleoyl.GPE..P.18.0.18.2..,1
X1..1.enyl.stearoyl..2.oleoyl.GPE..P.18.0.18.1.,1
X1..1.enyl.stearoyl..GPE..P.18.0..,0
X1.2.dilinoleoyl.GPC..18.2.18.2.,1
X1.2.dilinoleoyl.GPE..18.2.18.2..,1
X1.2.dipalmitoyl.GPC..16.0.16.0.,1
X1.3.7.trimethylurate,1
X1.3.dimethylurate,1
X1.5.anhydroglucitol..1.5.AG.,1
X1.7.dimethylurate,1
X10.heptadecenoate..17.1n7.,1
X10.nonadecenoate..19.1n9.,1
X10.undecenoate..11.1n1.,1
X12.13.DiHOME,1
X13.HODE...9.HODE,1
X17alpha.hydroxypregnanolone.glucuronide,1
X1.arachidonoyl.GPA..20.4.,1
X1.arachidonoyl.GPC...20.4..,1
X1.arachidonoyl.GPE..20.4n6..,1
X1.arachidonoyl.GPI...20.4..,1
X1.arachidonylglycerol..20.4.,1
X1.carboxyethylisoleucine,1
X1.carboxyethylleucine,1
X1.carboxyethylphenylalanine,1
X1.cerotoyl.GPC..26.0..,0
X1H.indole.7.acetic.acid,0
X1.hydroxy.2.naphthalenecarboxylate,0
X1.lignoceroyl.GPC..24.0.,0
X1.linolenoyl.GPC..18.3..,0
X1.linoleoyl.2.arachidonoyl.GPC..18.2.20.4n6..,1
X1.linoleoylglycerol..18.2.,1
X1.linoleoyl.GPA..18.2..,0
X1.linoleoyl.GPC..18.2.,1
X1.linoleoyl.GPE..18.2..,1
X1.linoleoyl.GPG..18.2..,0
X1.linoleoyl.GPI...18.2..,1
X1.methyl.4.imidazoleacetate,1
X1.methylnicotinamide,1
X1.methylurate,0
X1.methylxanthine,0
X1.myristoyl.2.palmitoyl.GPC..14.0.16.0.,1
X1.myristoylglycerol..14.0.,1
X1.oleoyl.2.arachidonoyl.GPE..18.1.20.4..,1
X1.oleoyl.2.docosahexaenoyl.GPC..18.1.22.6..,0
X1.oleoyl.2.docosahexaenoyl.GPE..18.1.22.6..,1
X1.oleoyl.2.linoleoyl.GPE..18.1.18.2..,1
X1.oleoylglycerol..18.1.,1
X1.oleoyl.GPC..18.1.,1
X1.oleoyl.GPE..18.1.,0
X1.oleoyl.GPG..18.1..,0
X1.palmitoleoyl.2.linolenoyl.GPC..16.1.18.3..,1
X1.palmitoleoylglycerol..16.1..,1
X1.palmitoleoyl.GPC...16.1..,1
X1.palmitoyl.2.arachidonoyl.GPC..16.0.20.4n6.,0
X1.palmitoyl.2.arachidonoyl.GPE..16.0.20.4..,0
X1.palmitoyl.2.arachidonoyl.GPI..16.0.20.4..,1
X1.palmitoyl.2.dihomo.linolenoyl.GPC..16.0.20.3n3.or.6..,1
X1.palmitoyl.2.docosahexaenoyl.GPC..16.0.22.6.,0
X1.palmitoyl.2.docosahexaenoyl.GPE..16.0.22.6..,1
X1.palmitoyl.2.linoleoyl.GPC..16.0.18.2.,0
X1.palmitoyl.2.linoleoyl.GPE..16.0.18.2.,1
X1.palmitoyl.2.linoleoyl.GPI..16.0.18.2.,1
X1.palmitoyl.2.oleoyl.GPC..16.0.18.1.,0
X1.palmitoyl.2.oleoyl.GPE..16.0.18.1.,1
X1.palmitoyl.2.oleoyl.GPI..16.0.18.1..,1
X1.palmitoyl.2.palmitoleoyl.GPC..16.0.16.1..,2
X1.palmitoyl.2.stearoyl.GPC..16.0.18.0.,0
X1.palmitoyl.GPC..16.0.,1
X1.palmitoyl.GPE..16.0.,1
X1.palmitoyl.GPG..16.0..,1
X1.palmitoyl.GPI...16.0.,1
X1.ribosyl.imidazoleacetate.,1
X1.stearoyl.2.arachidonoyl.GPC..18.0.20.4.,0
X1.stearoyl.2.arachidonoyl.GPE..18.0.20.4.,1
X1.stearoyl.2.arachidonoyl.GPI..18.0.20.4.,1
X1.stearoyl.2.docosahexaenoyl.GPC..18.0.22.6.,0
X1.stearoyl.2.docosahexaenoyl.GPE..18.0.22.6..,1
X1.stearoyl.2.linoleoyl.GPC..18.0.18.2..,2
X1.stearoyl.2.linoleoyl.GPE..18.0.18.2..,0
X1.stearoyl.2.linoleoyl.GPI..18.0.18.2.,1
X1.stearoyl.2.oleoyl.GPC..18.0.18.1.,1
X1.stearoyl.2.oleoyl.GPE..18.0.18.1.,0
X1.stearoyl.2.oleoyl.GPI..18.0.18.1..,0
X1.stearoyl.2.oleoyl.GPS..18.0.18.1.,0
X1.stearoyl.GPC..18.0.,1
X1.stearoyl.GPE..18.0.,1
X1.stearoyl.GPG..18.0.,1
X1.stearoyl.GPI..18.0.,0
X2.3.dihydroxy.2.methylbutyrate,1
X2.3.dihydroxyisovalerate,2
X2.acetamidophenol.sulfate,2
X2.aminoadipate,1
X2.aminobutyrate,1
X2.aminoheptanoate,1
X2.aminophenol.sulfate,1
X2.ethylphenylsulfate,1
X2.hydroxyacetaminophen.sulfate.,1
X2.hydroxyarachidate.,1
X2.hydroxybehenate,1
X2.hydroxybutyrate.2.hydroxyisobutyrate,1
X2.hydroxyfluorene.sulfate,1
X2.hydroxyglutarate,1
X2.hydroxyibuprofen,1
X2.hydroxylaurate,1
X2.hydroxynervonate.,1
X2.hydroxyoctanoate,1
X2.hydroxypalmitate,1
X2.hydroxystearate,1
X2.isopropylmalate,0
X2.methoxyacetaminophen.sulfate.,1
X2.methoxyresorcinol.sulfate,1
X2.methylbutyrylcarnitine..C5.,1
X2.methylcitrate.homocitrate,1
X2.methylmalonylcarnitine..C4.DC.,1
X2.methylserine,1
X2.oleoylglycerol..18.1.,1
X2..O.methylcytidine,1
X2..O.methyluridine,1
X2.palmitoylglycerol..16.0.,0
X2.palmitoyl.GPC...16.0..,1
X2.piperidinone,0
X2.stearoyl.GPE..18.0..,1
X3..3.hydroxyphenyl.propionate.sulfate,1
X3..N.acetyl.L.cystein.S.yl..acetaminophen,1
X3.4.methyleneheptanoylcarnitine,1
X3.7.dimethylurate,1
X3.acetylphenol.sulfate,0
X3.amino.2.piperidone,0
X3.aminoisobutyrate,1
X3beta.hydroxy.5.cholestenoate,1
X3b.hydroxy.5.cholenoic.acid,1
X3.carboxy.4.methyl.5.pentyl.2.furanpropionate..3.CMPFP.,1
X3.carboxy.4.methyl.5.propyl.2.furanpropanoate..CMPF.,1
X3.ethylcatechol.sulfate..2.,1
X3.formylindole,1
X3.hydroxy.2.ethylpropionate,1
X3.hydroxy.3.methylglutarate,0
X3.hydroxyadipate.,1
X3.hydroxybutyrate..BHBA.,1
X3.hydroxybutyroylglycine,0
X3.hydroxycotinine.glucuronide,0
X3.hydroxyhexanoate,1
X3.hydroxyhippurate,0
X3.hydroxyhippurate.sulfate,1
X3.hydroxylaurate,1
X3.hydroxymyristate,1
X3.hydroxyoctanoate,1
X3.hydroxyoleate.,0
X3.hydroxyoleoylcarnitine,1
X3.hydroxyphenylacetoylglutamine,0
X3.hydroxysebacate,1
X3.hydroxystachydrine.,0
X3.hydroxyvalproate,1
X3.methoxycatechol.sulfate..1.,1
X3.methoxycatechol.sulfate..2.,1
X3.methoxytyramine.sulfate,1
X3.methyl.catechol.sulfate..1.,0
X3.methyl.catechol.sulfate..2.,1
X3.methyl.2.oxobutyrate,1
X3.methyl.2.oxovalerate,1
X3.methyladipate,1
X3.methylglutaconate,1
X3.methylglutarylcarnitine..2.,1
X3.methylhistidine,0
X3.methylxanthine,1
X3.phenylpropionate..hydrocinnamate.,0
X3.phosphoglycerate,1
X3.ureidopropionate,1
X4.acetamidobenzoate,1
X4.acetamidophenol,0
X4.allylphenol.sulfate,1
X4.ethylphenyl.sulfate,1
X4.guanidinobutanoate,1
X4.hydroxy.duloxetine.glucuronide.,1
X4.hydroxychlorothalonil,1
X4.hydroxycoumarin,1
X4.hydroxyglutamate,1
X4.hydroxyhippurate,1
X4.hydroxyphenylacetate,1
X4.hydroxyphenylacetatoylcarnitine,0
X4.hydroxyphenylpyruvate,1
X4.imidazoleacetate,1
X4.methyl.2.oxopentanoate,1
X4.methylbenzenesulfonate,0
X4.methylcatechol.sulfate,1
X4.methylguaiacol.sulfate,1
X4.methylhexanoylglutamine,1
X4.vinylphenol.sulfate,1
X5..galactosylhydroxy..L.lysine,1
X5.6.dihydrothymine,1
X5.6.dihydrouracil,0
X5.acetylamino.6.amino.3.methyluracil,0
X5.acetylamino.6.formylamino.3.methyluracil,0
X5alpha.androstan.3alpha.17alpha.diol.monosulfate,1
X5alpha.androstan.3alpha.17beta.diol.monosulfate..2.,1
X5alpha.androstan.3beta.17beta.diol.monosulfate..1.,1
X5alpha.pregnan.3beta.20alpha.diol.monosulfate..2.,1
X5alpha.pregnan.3beta.20beta.diol.monosulfate..1.,1
X5alpha.pregnan.diol.disulfate,1
X5.dodecenoylcarnitine..C12.1.,1
X5.hydroxyhexanoate,0
X5.hydroxyindole.sulfate,0
X5.hydroxymethyl.2.furoic.acid,1
X5.methyluridine..ribothymidine.,0
X5.oxoproline,1
X6.bromotryptophan,1
X6.hydroxyindole.sulfate,1
X6.oxopiperidine.2.carboxylate,1
X7.HOCA,1
X7.methylguanine,1
X7.methylurate,1
X7.methylxanthine,0
X9.10.DiHOME,0
X9.hydroxystearate,1
acesulfame,1
acisoga,1
aconitate..cis.or.trans.,0
adenine,0
AMP,1
adipoylcarnitine..C6.DC.,1
adrenate..22.4n6.,0
adrenoylcarnitine..C22.4..,1
allantoin,0
alliin,1
alpha.hydroxyisovalerate,1
alpha.hydroxymetoprolol,1
alpha.ketoglutaramate.,1
alpha.ketoglutarate,1
alpha.lipoate,1
amoxicillin,1
androstenediol..3alpha..17alpha..monosulfate..3.,1
androstenediol..3beta.17beta..disulfate..1.,1
androstenediol..3beta.17beta..disulfate..2.,1
androstenediol..3beta.17beta..monosulfate..1.,0
androstenediol..3beta.17beta..monosulfate..2.,0
androsterone.glucuronide,0
androsterone.sulfate,1
anserine,1
arabitol.xylitol,1
arabonate.xylonate,1
arachidate..20.0.,1
arachidonate..20.4n6.,1
arachidonoylcarnitine..C20.4.,1
arachidonoylcholine,1
arachidoylcarnitine..C20..,1
argininate.,1
arginine,1
aripiprazole,1
aspartate,0
atenolol,0
azithromycin,1
behenoyl.sphingomyelin..d18.1.22.0..,1
behenoylcarnitine..C22..,1
benzoate,1
benzoylcarnitine.,1
beta.citrylglutamate,0
beta.cryptoxanthin,1
beta.guanidinopropanoate,1
betaine,1
beta.sitosterol,0
bilirubin..E.Z.or.Z.E..,1
bilirubin,1
biliverdin,1
bradykinin..des.arg.9.,1
butyrylcarnitine..C4.,1
caffeic.acid.sulfate,1
caffeine,1
caprate..10.0.,1
caproate..6.0.,0
caprylate..8.0.,1
carboxyethyl.GABA,1
carnitine,1
carotene.diol..1.,1
carotene.diol..2.,2
carotene.diol..3.,1
catechol.sulfate,1
ceramide..d16.1.24.1..d18.1.22.1..,1
ceramide..d18.1.14.0..d16.1.16.0..,1
ceramide..d18.1.17.0..d17.1.18.0..,2
ceramide..d18.1.20.0..d16.1.22.0..d20.1.18.0..,1
ceramide..d18.2.24.1..d18.1.24.2..,1
cerotoylcarnitine..C26..,1
C.glycosyltryptophan,0
cholate,1
cholesterol,0
choline,1
phosphocholine,2
cinnamoylglycine,1
cis.4.decenoate..10.1n6..,1
cis.4.decenoylcarnitine..C10.1.,0
citraconate.glutaconate,1
citrate,1
citrulline,0
cortisol,1
cortisone,1
creatine,0
creatinine,1
cys.gly..oxidized,1
cystathionine,1
cysteine,1
cysteine.s.sulfate,0
cysteine.glutathione.disulfide,1
cysteinylglycine,1
cysteinylglycine.disulfide.,1
cystine,1
cytidine,1
cytosine,1
decanoylcarnitine..C10.,2
dehydroepiandrosterone.sulfate..DHEA.S.,1
delta.CEHC.glucuronide.,1
deoxycarnitine,1
deoxycholate,1
diacylglycerol..12.0.18.1..14.0.16.1..16.0.14.1...2..,1
diacylglycerol..14.0.18.1..16.0.16.1...1..,0
diacylglycerol..16.1.18.2..2...16.0.18.3..1...,0
dihomolinoleate..20.2n6.,1
dihomolinolenate..20.3n3.or.3n6.,1
dihomo.linolenoylcarnitine..C20.3n3.or.6..,1
dihomo.linoleoylcarnitine..C20.2..,1
dihydroorotate,1
dimethyl.sulfone,1
dimethylarginine..ADMA...SDMA.,1
dimethylglycine,1
dimethylguanidino.valeric.acid..DMGV..,0
docosadienoate..22.2n6.,1
docosadioate..C22.DC.,2
docosahexaenoate..DHA..22.6n3.,1
docosapentaenoate..DPA..22.5n3.,1
docosapentaenoate..n6.DPA..22.5n6.,1
dodecadienoate..12.2..,1
dodecanedioate..C12.,1
dodecenedioate..C12.1.DC..,0
dopamine.3.O.sulfate,1
ectoine,1
EDTA,1
eicosanedioate..C20.DC.,1
eicosapentaenoate..EPA..20.5n3.,1
eicosenamide..20.1..,1
eicosenoate..20.1n9.or.1n11.,1
eicosenoylcarnitine..C20.1..,1
epiandrosterone.sulfate,1
ergothioneine,2
erucate..22.1n9.,1
erythritol,1
erythronate.,0
ethylmalonate,1
etiocholanolone.glucuronide,1
eugenol.sulfate,0
ferulic.acid.4.sulfate,1
ADSGEGDFXAEGGGVR.,1
formiminoglutamate,1
fructose,1
fumarate,1
galactonate,1
gamma.carboxyglutamate,0
gamma.CEHC,1
gamma.CEHC.glucuronide.,1
gamma.glutamyl.2.aminobutyrate,1
gamma.glutamylalanine,1
gamma.glutamyl.alpha.lysine,0
gamma.glutamylcitrulline.,1
gamma.glutamyl.epsilon.lysine,1
gamma.glutamylglutamate,1
gamma.glutamylglutamine,1
gamma.glutamylglycine,1
gamma.glutamylhistidine,2
gamma.glutamylisoleucine.,1
gamma.glutamylleucine,0
gamma.glutamylmethionine,1
gamma.glutamylphenylalanine,1
gamma.glutamylthreonine,1
gamma.glutamyltryptophan,1
gamma.glutamyltyrosine,1
gamma.glutamylvaline,1
gamma.tocopherol.beta.tocopherol,1
gentisate,1
gluconate,1
glucose,1
glucuronate,1
glucuronide.of.piperine.metabolite.C17H21NO3..3..,1
glucuronide.of.piperine.metabolite.C17H21NO3..4..,1
glucuronide.of.piperine.metabolite.C17H21NO3..5..,1
glutamate,0
glutamate..gamma.methyl.ester,1
glutamine,1
glutarate..C5.DC.,1
glutaroylcarnitine..C5.,1
glycerate,1
glycerol,0
glycerol.3.phosphate,2
glycerophosphoethanolamine,0
glycerophosphorylcholine..GPC.,1
glycine,1
glycine.conjugate.of.C10H12O2.,1
glycine.conjugate.of.C10H14O2..1..,1
glyco.beta.muricholate,1
glycochenodeoxycholate,1
glycochenodeoxycholate.3.sulfate,1
glycochenodeoxycholate.glucuronide..1.,1
glycocholate,1
glycocholenate.sulfate.,1
glycodeoxycholate,1
glycodeoxycholate.3.sulfate,1
glycohyocholate,1
glycolithocholate,1
glycolithocholate.sulfate.,2
glycosyl.ceramide..d18.1.20.0..d16.1.22.0..,1
glycosyl.ceramide..d18.2.24.1..d18.1.24.2..,1
glycosyl.N..2.hydroxynervonoyl..sphingosine..d18.1.24.1.2OH...,1
glycosyl.N.behenoyl.sphingadienine..d18.2.22.0..,1
glycosyl.N.nervonoyl.sphingosine..d18.1.24.1..,1
glycosyl.N.palmitoyl.sphingosine..d18.1.16.0.,1
glycosyl.N.stearoyl.sphingosine..d18.1.18.0.,1
glycoursodeoxycholate,1
guaiacol.sulfate,0
guanidinoacetate,1
gulonate.,0
heptanoate..7.0.,1
heptenedioate..C7.1.DC..,0
hexadecadienoate..16.2n6.,1
hexadecanedioate..C16.,1
hexadecenedioate..C16.1.DC..,1
hexanoylcarnitine..C6.,0
hexanoylglutamine,0
hippurate,1
histidine,0
homoarginine,1
homocitrulline,1
homostachydrine.,2
hydantoin.5.propionate,0
hydroquinone.sulfate,1
hydroxyasparagine,0
hydroxy.CMPF.,1
hyocholate,1
hypotaurine,2
hypoxanthine,2
imidazole.lactate,2
imidazole.propionate,1
iminodiacetate..IDA.,1
indole.3.carboxylate,1
indoleacetate,1
indoleacetoylcarnitine.,1
indoleacetylglutamine,1
indolelactate,1
indolepropionate,1
inosine,1
isobutyrylcarnitine..C4.,1
isobutyrylglycine..C4.,1
isocitric.lactone,0
isoleucine,0
isoursodeoxycholate,1
isovalerate..C5.,1
isovalerylcarnitine..C5.,0
isovalerylglycine,1
kynurenate,1
kynurenine,1
lactate,1
lactosyl.N.behenoyl.sphingosine..d18.1.22.0..,1
lactosyl.N.nervonoyl.sphingosine..d18.1.24.1..,1
lactosyl.N.palmitoyl.sphingosine..d18.1.16.0.,1
laurate..12.0.,1
laurylcarnitine..C12.,0
leucine,0
lignoceroyl.sphingomyelin..d18.1.24.0.,1
lignoceroylcarnitine..C24..,1
linoleate..18.2n6.,1
linolenate..18.3n3.or.3n6.,1
linolenoylcarnitine..C18.3..,1
linoleoyl.ethanolamide,1
linoleoyl.arachidonoyl.glycerol..18.2.20.4...1..,1
linoleoyl.arachidonoyl.glycerol..18.2.20.4...2..,1
linoleoylcarnitine..C18.2..,0
linoleoylcholine.,1
linoleoyl.linoleoyl.glycerol..18.2.18.2...1..,1
lithocholate.sulfate..1.,0
lysine,1
malate,1
maleate,1
malonylcarnitine,0
maltose,0
mannitol.sorbitol,2
mannonate.,0
mannose,0
margarate..17.0.,1
margaroylcarnitine..C17..,1
methionine,1
methionine.sulfone,1
methionine.sulfoxide,1
methyl.glucopyranoside..alpha...beta.,1
methyl.indole.3.acetate,0
methyl.4.hydroxybenzoate.sulfate,1
methylmalonate..MMA.,1
methylsuccinate,0
myo.inositol,1
myristate..14.0.,1
myristoleate..14.1n5.,1
myristoleoylcarnitine..C14.1..,0
myristoyl.dihydrosphingomyelin..d18.0.14.0..,1
myristoylcarnitine..C14.,0
N..2.furoyl.glycine,1
N.N.N.trimethyl.5.aminovalerate,1
N1.Methyl.2.pyridone.5.carboxamide,1
X1.methyladenosine,0
N1.methylinosine,0
N2.N2.dimethylguanosine,0
N2.N5.diacetylornithine,1
N4.acetylcytidine,0
N6.N6.N6.trimethyllysine,0
N6.N6.dimethyllysine,1
N6.acetyllysine,1
N6.carbamoylthreonyladenosine,0
N6.carboxymethyllysine,2
N6.methyllysine,1
N.acetyl.1.methylhistidine.,1
N.acetyl.2.aminooctanoate.,1
N.acetylalanine,0
N.acetylarginine,1
N.acetylaspartate..NAA.,1
N.acetyl.beta.alanine,1
N.acetylcarnosine,2
N.acetylglucosamine.N.acetylgalactosamine,0
N.acetylglucosaminylasparagine,1
N.acetylglutamate,1
N.acetylglutamine,1
N.acetylglycine,1
N.acetylhistidine,2
N.acetylisoleucine,1
N.acetyl.isoputreanine,1
N.acetylleucine,1
N.acetylmethionine,0
N.acetylneuraminate,0
N.acetylphenylalanine,1
N.acetylproline,1
N.acetylputrescine,0
N.acetylserine,0
N.acetyltaurine,0
N.acetylthreonine,0
N.acetyltryptophan,1
N.acetyltyrosine,1
N.acetylvaline,1
N.alpha.acetylornithine,1
N.behenoyl.sphingadienine..d18.2.22.0..,0
N.carbamoylalanine,1
N.delta.acetylornithine,1
nervonoylcarnitine..C24.1..,1
N.formylanthranilic.acid,1
N.formylmethionine,0
N.formylphenylalanine,2
nicotinamide,2
N.methylalanine,1
N.methylhydroxyproline,1
N.methylpipecolate,0
N.methylproline,1
N.oleoylserine,1
N.oleoyltaurine,1
nonadecanoate..19.0.,1
nonanoylcarnitine..C9.,0
N.palmitoylglycine,1
N.palmitoyl.heptadecasphingosine..d17.1.16.0..,1
N.palmitoyl.sphingadienine..d18.2.16.0..,1
N.palmitoyl.sphinganine..d18.0.16.0.,1
N.palmitoyl.sphingosine..d18.1.16.0.,1
N.stearoyl.sphingadienine..d18.2.18.0..,1
N.stearoyl.sphinganine..d18.0.18.0..,1
N.stearoyl.sphingosine..d18.1.18.0..,1
N.stearoyltaurine,1
o.cresol.sulfate,1
octadecadienedioate..C18.2.DC..,1
octadecanedioate..C18.,1
octadecanedioylcarnitine..C18.DC..,0
octadecenedioate..C18.1.DC..,1
octadecenedioylcarnitine..C18.1.DC..,0
octanoylcarnitine..C8.,0
oleamide,1
oleate.vaccenate..18.1.,1
oleoyl.arachidonoyl.glycerol..18.1.20.4...1..,1
oleoyl.arachidonoyl.glycerol..18.1.20.4...2..,0
oleoylcarnitine..C18.,1
oleoylcholine,1
oleoyl.linoleoyl.glycerol..18.1.18.2...1.,1
oleoyl.linoleoyl.glycerol..18.1.18.2...2.,1
oleoyl.oleoyl.glycerol..18.1.18.1....1..,1
oleoyl.oleoyl.glycerol..18.1.18.1...2..,1
ornithine,1
orotate,1
orotidine,1
O.sulfo.L.tyrosine,1
oxalate..ethanedioate.,1
palmitate..16.0.,1
palmitoleate..16.1n7.,1
palmitoleoylcarnitine..C16.1..,1
palmitoleoyl.linoleoyl.glycerol..16.1.18.2...1..,1
palmitoyl.dihydrosphingomyelin..d18.0.16.0..,1
palmitoyl.sphingomyelin..d18.1.16.0.,1
palmitoyl.arachidonoyl.glycerol..16.0.20.4...1..,0
palmitoyl.arachidonoyl.glycerol..16.0.20.4...2..,2
palmitoylcarnitine..C16.,1
palmitoylcholine,1
palmitoyl.linoleoyl.glycerol..16.0.18.2...1..,1
palmitoyl.linoleoyl.glycerol..16.0.18.2...2..,1
palmitoyl.oleoyl.glycerol..16.0.18.1...2..,1
pantothenate..Vitamin.B5.,1
paraxanthine,1
p.cresol.glucuronide.,0
p.cresol.sulfate,0
pentadecanoate..15.0.,1
perfluorooctanesulfonate..PFOS.,2
perfluorooctanoate..PFOA.,1
phenol.sulfate,2
phenylacetate,0
phenylacetylcarnitine,0
phenylacetylglutamate,0
phenylacetylglutamine,0
phenylalanine,1
phenylalanylalanine,1
phenylalanylglycine,1
phenyllactate..PLA.,1
phenylpyruvate,1
phosphate,1
phosphoethanolamine..PE.,0
phytanate,1
picolinate,1
pimeloylcarnitine.3.methyladipoylcarnitine..C7.DC.,0
pipecolate,1
piperine,1
pregnanediol.3.glucuronide,1
pregnen.diol.disulfate.,1
pregnenediol.sulfate..C21H34O5S..,1
pregnenolone.sulfate,1
prolylhydroxyproline,1
proline,0
prolylglycine,1
propionylcarnitine..C3.,1
propionylglycine..C3.,1
pseudouridine,2
pyridoxal,1
pyridoxate,1
pyroglutamine.,0
pyrraline,1
pyruvate,1
quinate,1
quinolinate,0
retinol..Vitamin.A.,2
ribonate,1
ribulonate.xylulonate.lyxonate.,1
S.1.pyrroline.5.carboxylate,0
salicylate,1
S.allylcysteine,1
sarcosine,1
sebacate..C10.DC.,0
serine,1
S.methylcysteine,1
S.methylcysteine.sulfoxide,1
S.methylmethionine,1
sphingadienine,1
sphinganine,1
sphinganine.1.phosphate,1
sphingomyelin..d17.1.14.0..d16.1.15.0..,1
sphingomyelin..d17.1.16.0..d18.1.15.0..d16.1.17.0..,2
sphingomyelin..d17.2.16.0..d18.2.15.0..,1
sphingomyelin..d18.0.18.0..d19.0.17.0..,1
sphingomyelin..d18.0.20.0..d16.0.22.0..,1
sphingomyelin..d18.1.14.0..d16.1.16.0..,1
sphingomyelin..d18.1.17.0..d17.1.18.0..d19.1.16.0.,2
sphingomyelin..d18.1.18.1..d18.2.18.0.,1
sphingomyelin..d18.1.19.0..d19.1.18.0..,1
sphingomyelin..d18.1.20.0..d16.1.22.0..,1
sphingomyelin..d18.1.20.1..d18.2.20.0..,1
sphingomyelin..d18.1.20.2..d18.2.20.1..d16.1.22.2..,1
sphingomyelin..d18.1.21.0..d17.1.22.0..d16.1.23.0..,1
sphingomyelin..d18.1.22.1..d18.2.22.0..d16.1.24.1..,1
sphingomyelin..d18.1.22.2..d18.2.22.1..d16.1.24.2..,1
sphingomyelin..d18.1.24.1..d18.2.24.0..,1
sphingomyelin..d18.1.25.0..d19.0.24.1..d20.1.23.0..d19.1.24.0..,1
sphingomyelin..d18.2.14.0..d18.1.14.1..,2
sphingomyelin..d18.2.16.0..d18.1.16.1..,1
sphingomyelin..d18.2.18.1..,1
sphingomyelin..d18.2.21.0..d16.2.23.0..,1
sphingomyelin..d18.2.23.0..d18.1.23.1..d17.1.24.1..,1
sphingomyelin..d18.2.23.1..,1
sphingomyelin..d18.2.24.1..d18.1.24.2..,1
sphingomyelin..d18.2.24.2..,1
sphingosine,1
sphingosine.1.phosphate,1
stachydrine,1
stearate..18.0.,1
stearidonate..18.4n3.,1
stearoyl.ethanolamide,1
stearoyl.sphingomyelin..d18.1.18.0.,2
stearoyl.arachidonoyl.glycerol..18.0.20.4...1..,1
stearoylcarnitine..C18.,1
suberate..C8.DC.,1
suberoylcarnitine..C8.DC.,0
succinate,1
succinimide,1
succinylcarnitine..C4.,1
sucrose,1
sulfate.of.piperine.metabolite.C16H19NO3..2..,1
sulfate.of.piperine.metabolite.C16H19NO3..3..,1
sulfate.of.piperine.metabolite.C18H21NO3..1..,1
sulfate.of.piperine.metabolite.C18H21NO3..3..,1
sulfate.,1
tartronate..hydroxymalonate.,1
taurine,1
taurochenodeoxycholate,1
taurocholate,1
taurocholenate.sulfate.,1
taurodeoxycholate,1
taurolithocholate.3.sulfate,1
tetradecadienoate..14.2..,0
tetradecanedioate..C14.,1
theobromine,1
theophylline,1
thioproline,0
threonate,1
threonine,1
thymol.sulfate,1
thyroxine,1
tiglyl.carnitine..C5.,1
hydroxyproline,1
trans.urocanate,1
tricosanoyl.sphingomyelin..d18.1.23.0..,1
trigonelline..N..methylnicotinate.,1
trimethylamine.N.oxide,0
tryptophan,1
tryptophan.betaine,1
tyramine.O.sulfate,1
tyrosine,1
uracil,1
urate,1
urea,1
uridine,1
valerate..5.0.,1
valine,0
valylleucine,1
vanillactate,0
vanillylmandelate..VMA.,0
xanthine,1
ximenoylcarnitine..C26.1..,1
xylose,1
X...07765,1
X...09789...retired.for.2.6.dihydroxybenzoic.acid,1
X...10458,1
X...11261,1
X...11299,1
X...11308,1
X...11315,1
X...11372,1
X...11381,1
X...11438...retired.for.tridecenedioate..C13.1.DC..,0
pregnenetriol.disulfate.,1
X...11441,1
X...11442,1
X...11444,1
X...11470,1
X...11478,1
X...11483,1
deoxycholic.acid.glucuronide,1
X...11522,1
X...11530,1
X...11549...retired.for.eicosenedioate..C20.1.DC..,1
X...11632,1
X...11787,1
X...11795,1
X...11843,1
X...11849,1
X...11850,1
X...11852,1
X...11880,1
X...12007,1
X...12015,1
X...12026,0
metabolonic.lactone.sulfate,1
N2.acetyl.N6.methyllysine,1
X...12100,2
X...12101,1
X...12104,1
X...12111,1
X...12112,1
X...12117,0
X...12127,1
X...12170...retired.for.picolinoylglycine,1
X...12193,1
X...12206...retired.for.ascorbic.acid.3.sulfate.,1
X...12212...retired.for.4.allylcatechol.sulfate,0
X...12216,0
X...12221,1
X...12230...retired.for.4.ethylcatechol.sulfate,1
X...12283,1
X...12329...retired.for.3.hydroxy.2.methylpyridine.sulfate,1
X...12410,1
X...12411,0
X...12462,1
X...12472...retired.for.glutamine.conjugate.of.C6H10O2..2..,0
X...12524,1
X...12544,1
X...12680,1
X...12707,0
X...12714,1
X...12718,0
X...12729,2
X...12730,1
X...12798,1
X...12812,0
X...12822,1
X...12844,1
X...12846...retired.for.11beta.hydroxyandrosterone.glucuronide,1
X...12847,1
X...12849,1
X...12851,0
X...12906,1
X...13431,0
X...13507,1
X...13553,0
X...13684,1
X...13728,0
X...13729,0
X...13737...retired.for..S..a.Amino.omega.caprolactam,1
X...13835,1
X...13844,1
X...13866,1
X...14056,1
taurodeoxycholic.acid.3.sulfate,1
X...14658,1
X...14838...retired.for.1.methyl.5.imidazoleacetate,1
X...14939,1
X...15461,1
X...15469,0
X...15486,0
X...15492,1
X...15503,0
X...15666,1
X...15674,1
X...15728,1
X...16087,1
X...16397,0
X...16570,1
X...16576,1
X...16580,0
X...16654...retired.for.deoxycholic.acid..12.or.24..sulfate.,1
X...16935,1
X...16938,1
X...16944,1
X...16946,1
X...17010,2
X...17145...retired.for.branched.chain.14.0.dicarboxylic.acid..,1
X...17146,1
X...17185,1
X...17299...retired.for.N.N.N.trimethyl.alanylproline.betaine..TMAP.,1
X...17325,1
X...17327...retired.for.glutamine.conjugate.of.C7H12O2.,0
X...17328,1
X...17335,0
X...17337..retired.for.undecenoylcarnitine..C11.1.,0
X...17340,1
X...17351,1
X...17357,1
X...17359...retired.for.cortolone.glucuronide..1.,1
X...17653,1
X...17654,1
X...17676,1
X...17685,1
X...17690,1
X...18249...retired.for.3.5.dichloro.2.6.dihydroxybenzoic.acid,1
X...18779,1
X...18886,0
X...18887,1
X...18888,0
X...18899,2
X...18901,1
X...18913,1
X...18914...retired.for.3.bromo.5.chloro.2.6.dihydroxybenzoic.acid.,1
X...18921,1
X...18922,1
X...19141,1
X...19438,1
X...21258,2
X...21285,1
X...21286,0
X...21295,1
X...21310,1
X...21319,1
X...21339,1
X...21353,1
X...21364,2
X...21383,1
X...21410,1
X...21411...retired.for.2.ketocaprylate,1
X...21441,0
X...21442,1
X...21448,1
X...21467,1
X...21470,1
X...21607,1
X...21729...retired.for.butyrate..4.0.,1
X...21733,1
X...21735...retired.for.tetradecadienedioate..C14.2.DC..,0
X...21736,1
decadienedioic.acid..C10.2.DC...,0
X...21796,1
X...21821,1
X...21834,1
X...22162,0
X...22519,0
X...22764...retired.for.branched.chain..straight.chain..or.cyclopropyl.12.1.fatty.acid.,1
X...22771,1
X...22775,1
X...23046...retired.for.2.2..Methylenebis.6.tert.butyl.p.cresol.,1
X...23196...retired.for.2.hydroxysebacic.acid,1
X...23295....retired.for.branched.chain..straight.chain..or.cyclopropyl.10.1.fatty.acid..1..,0
X...23297...retired.for..2.or.3..decenoate..10.1n8.or.n7.,1
X...23314,1
X...23369...retired.for.3.indoleglyoxylic.acid,1
X...23583,1
X...23585...retired.for.N.N.dimethylalanine,1
X...23587,1
X...23590,1
X...23593,0
X...23636,1
X...23639,1
X...23641,1
X...23644,1
X...23649...retired.for.3.hydroxypyridine.glucuronide,1
X...23655,1
X...23659,1
X...23665,1
X...23666,1
X...23680,0
X...23739,1
X...23780,1
X...23782,1
X...23997,0
X...24106...retired.for.palmitoyl.sphingosine.phosphoethanolamine..d18.1.16.0.,1
X...24243,1
X...24293...retired.for.ethyl.alpha.glucopyranose,1
X...24295,1
X...24307,1
X...24328,1
X...24329...retired.for.3..3.amino.3.carboxypropyl.uridine.,0
X...24337,1
X...24422,1
X...24425,1
X...24431,1
X...24435,2
X...24452...retired.for.hydroxy.N6.N6.N6.trimethyllysine.,0
X...24455,1
X...24473,1
X...24475,1
X...24527...retired.for.glutamine.conjugate.of.C6H10O2..1..,0
X...24542...retired.for.vanillic.acid.glycine,1
X...24544,1
X...24549,1
X...24585,1
X...24588,1
X...24686,1
X...24699,1
X...24728,1
X...24748,0
X...24765...retired,1
N2.acetyl.N6.N6.dimethyllysine,1
X...24811,1
X...24812,0
X...24813,1
X...24849,1
X...24947,1
X...24948...retired.for.pregnenetriol.sulfate.,1
X...24949,1
X...24951,1
X...24952,1
X...24970,1
X...25172,1
X...25265,1
X...25271,1
X...25343,0
X...25371,1
X...25419,1
X...25420,0
X...25422,0
E3.ubiquitin.protein.ligase.CHIP,1
CCAAT.enhancer.binding.protein.beta,1
Gamma.enolase,1
E3.SUMO.protein.ligase.PIAS4,1
Interleukin.10.receptor.subunit.alpha,1
Signal.transducer.and.activator.of.transcription.3,1
Interferon.regulatory.factor.1,0
Transcription.factor.AP.1,1
Induced.myeloid.leukemia.cell.differentiation.protein.Mcl.1,1
X2..5..oligoadenylate.synthase.1,1
Myc.proto.oncogene.protein,1
Mothers.against.decapentaplegic.homolog.3,1
Mothers.against.decapentaplegic.homolog.2,1
Interleukin.23,1
Platelet.derived.growth.factor.receptor.alpha,1
Interleukin.12,1
Signal.transducer.and.activator.of.transcription.1.alpha.beta,1
Signal.transducer.and.activator.of.transcription.6,1
Leucine.rich.repeat.serine.threonine.protein.kinase.2,1
Osteocalcin,2
Interleukin.5,1
Glycerol.3.phosphate.dehydrogenase..NAD......cytoplasmic,0
Immunoglobulin.A,1
Galectin.10,1
HemK.methyltransferase.family.member.2,1
Pyridoxal.kinase,1
Toll.like.receptor.4,1
Regenerating.islet.derived.protein.4,1
Heat.shock.protein.beta.1,1
Chitinase.3.like.protein.1,1
Alpha.enolase,1
Apolipoprotein.L1,1
ADP.ribosyl.cyclase.cyclic.ADP.ribose.hydrolase.1,1
CD59.glycoprotein,1
Fatty.acid.binding.protein..liver,1
Growth.differentiation.factor.11,1
Betacellulin,1
Hypoxia.inducible.factor.1.alpha,1
Protein.S100.A6,0
Secreted.and.transmembrane.protein.1,1
R.spondin.3,2
Lithostathine.1.alpha,1
Bcl.2.like.protein.2,1
Vascular.endothelial.growth.factor.D,1
Sclerostin,0
Protein.FAM3D,1
Chorionic.somatomammotropin.hormone,1
Ephrin.B1,1
Synaptosomal.associated.protein.25,1
Ly6.PLAUR.domain.containing.protein.3,1
Neuronal.growth.regulator.1,1
B.cell.lymphoma.6.protein,1
Follistatin.related.protein.1,2
Osteopontin,1
Lumican,1
CD177.antigen,1
Choline.ethanolamine.kinase,0
SPARC.related.modular.calcium.binding.protein.1,1
Protein.Z.dependent.protease.inhibitor,1
Leucine.rich.repeat.transmembrane.protein.FLRT2,1
Leucine.rich.repeat.transmembrane.protein.FLRT3,0
Immunoglobulin.superfamily.containing.leucine.rich.repeat.protein.2,1
Vitronectin,1
Desmocollin.2,1
Low.density.lipoprotein.receptor,2
Hexokinase.2,1
Hexokinase.1,1
Semaphorin.5A,1
Latent.transforming.growth.factor.beta.binding.protein.4,1
PILR.alpha.associated.neural.protein,1
Adrenomedullin,1
Protein.S100.A4,1
E3.ubiquitin.protein.ligase.RNF43,1
Tumor.necrosis.factor.receptor.superfamily.member.10D,1
E3.ubiquitin.protein.ligase.ZNRF3,1
Platelet.receptor.Gi24,1
Ephrin.A2,1
Apolipoprotein.M,1
Interferon.beta,1
Interferon.alpha.10,1
Interferon.alpha.7,1
Ephrin.B2,1
HERV.H.LTR.associating.protein.2,1
Interleukin.1.receptor.type.2,2
Amphoterin.induced.protein.2,1
Relaxin.receptor.1,1
Complement.component.C1q.receptor,1
Neuregulin.4,1
Histone.H2B.type.2.E,1
Histone.H2A.type.3,1
Histone.H3.1,1
Interferon.gamma,1
Interleukin.36.beta,1
Interleukin.36.alpha,1
Ubiquitin.like.protein.ISG15,1
Ephrin.A3,1
X14.3.3.protein.beta.alpha,1
X14.3.3.protein.epsilon,1
Annexin.A5,1
Growth.differentiation.factor.8,1
HCE001796,1
HCE003167,1
Complement.C4b,1
Coagulation.Factor.XI,1
C.C.motif.chemokine.27,0
HCE000414,1
Endostatin,0
Metalloproteinase.inhibitor.1,1
Tissue.type.plasminogen.activator,1
HCE003183,1
Prokineticin.1,1
HCE004333,1
HCE004359,1
Metalloproteinase.inhibitor.2,2
HCE004331,1
HCE003300,1
HCE000483,1
Transforming.growth.factor.beta.1,1
Vascular.endothelial.growth.factor.receptor.3,0
HCE004152,1
Complement.C5,1
Apolipoprotein.E,0
Brain.derived.neurotrophic.factor,1
Complement.component.C8,1
HCE000342,1
Cathepsin.G,1
C.X.C.motif.chemokine.16,1
Fibroblast.growth.factor.10,1
Fibroblast.growth.factor.8.isoform.B,1
Group.IIE.secretory.phospholipase.A2,1
Calcium.dependent.phospholipase.A2,1
C.C.motif.chemokine.20,1
Serum.amyloid.P.component,1
Mast.stem.cell.growth.factor.receptor.Kit,1
Metalloproteinase.inhibitor.3,1
Angiopoietin.4,1
Cadherin.1,1
GDNF.family.receptor.alpha.3,1
HCE000104,1
Ephrin.B3,1
GDNF.family.receptor.alpha.2,1
C.C.motif.chemokine.21,1
High.mobility.group.protein.B1,1
Tumor.necrosis.factor.receptor.superfamily.member.11B,1
Beta.endorphin,1
Complement.factor.I,1
Insulin.like.growth.factor.binding.protein.3,1
C.C.motif.chemokine.2,1
Matrix.metalloproteinase.9,1
Myeloperoxidase,1
Prolactin,1
Vascular.endothelial.growth.factor.A,1
Tumor.necrosis.factor.receptor.superfamily.member.9,1
Tumor.necrosis.factor.ligand.superfamily.member.9,1
Angiopoietin.2,2
T.lymphocyte.activation.antigen.CD80,1
Tumor.necrosis.factor.receptor.superfamily.member.8,1
Cytokine.receptor.like.factor.1.Cardiotrophin.like.cytokine.factor.1.Complex,1
Cystatin.C,0
Tyrosine.protein.kinase.receptor.TYRO3,1
Eukaryotic.translation.initiation.factor.5,1
Ephrin.A4,1
Ephrin.A5,1
Receptor.tyrosine.protein.kinase.erbB.2,1
Receptor.tyrosine.protein.kinase.erbB.3,0
Receptor.tyrosine.protein.kinase.erbB.4,1
Tumor.associated.calcium.signal.transducer.2,1
Interleukin.6.receptor.subunit.beta,1
Heme.oxygenase.2,1
Protein.E7_HPV16,1
Protein.E7_HPV18,1
Heat.shock.protein.HSP.90.alpha.beta,1
Interleukin.1.Receptor.accessory.protein,1
Interleukin.10.receptor.subunit.beta,1
Interleukin.12.receptor.subunit.beta.1,1
Interleukin.13.receptor.subunit.alpha.1,1
Cytokine.receptor.common.subunit.gamma,1
Layilin,1
Tumor.necrosis.factor.receptor.superfamily.member.3,1
Macrophage.mannose.receptor.1,2
Macrophage.colony.stimulating.factor.1.receptor,1
Macrophage.stimulating.protein.receptor,1
Platelet.activating.factor.acetylhydrolase.IB.subunit.beta,1
Cadherin.3,1
Protein.kinase.C.alpha.type,1
Protein.kinase.C.zeta.type,1
Rab.GDP.dissociation.inhibitor.beta,1
Intercellular.adhesion.molecule.3,1
Urokinase.plasminogen.activator.surface.receptor,1
Tumor.necrosis.factor.receptor.superfamily.member.1A,1
NT.3.growth.factor.receptor,0
Tumor.necrosis.factor.receptor.superfamily.member.17,1
Decorin,1
Calpain.I,0
Creatine.kinase.M.type,1
Epidermal.growth.factor.receptor,2
Hepatocyte.growth.factor,1
X60.kDa.heat.shock.protein..mitochondrial,1
Complement.C3b..inactivated,1
Insulin.like.growth.factor.binding.protein.5,1
Insulin.like.growth.factor.binding.protein.6,1
Melanoma.derived.growth.regulatory.protein,1
Phospholipase.A2..membrane.associated,1
Oncostatin.M,1
Platelet.endothelial.cell.adhesion.molecule,1
Persephin,1
Platelet.factor.4,1
Vitamin.K.dependent.protein.S,1
Tumor.necrosis.factor.receptor.superfamily.member.13B,1
C.C.motif.chemokine.25,0
Thyroxine.binding.globulin,1
Tumor.necrosis.factor.ligand.superfamily.member.18,1
Ciliary.neurotrophic.factor.receptor.subunit.alpha,2
Endothelial.monocyte.activating.polypeptide.2,1
Erythropoietin.receptor,1
Granulocyte.colony.stimulating.factor.receptor,1
Interleukin.37,1
Laminin,0
MHC.class.I.polypeptide.related.sequence.A,1
NADPH..cytochrome.P450.reductase,1
Homeobox.protein.NANOG,1
Natural.cytotoxicity.triggering.receptor.2,1
Protein.NOV.homolog,1
Sialic.acid.binding.Ig.like.lectin.6,1
Sialic.acid.binding.Ig.like.lectin.7,1
Sonic.hedgehog.protein,1
Immunoglobulin.G,1
Cytokine.receptor.like.factor.2,1
NKG2D.ligand.3,1
Inhibin.beta.A.chain,1
Apolipoprotein.A.I,0
Azurocidin,1
Growth.differentiation.factor.5,1
Complement.C1q.subcomponent,1
Complement.C3,1
C3a.anaphylatoxin.des.Arginine,1
Protein.FAM107A,1
Fibroblast.growth.factor.18,1
Fibroblast.growth.factor.19,1
Fibroblast.growth.factor.20,0
Fibroblast.growth.factor.9,1
Growth.differentiation.factor.11.8,0
Hemopexin,1
Protein.Rev_HV2BE,1
C.C.motif.chemokine.1,1
Insulin.like.growth.factor.binding.protein.1,1
Interleukin.10,1
Interleukin.16,0
Interleukin.17F,1
Interleukin.22,1
Lactotransferrin,1
C.C.motif.chemokine.4.like,1
C.C.motif.chemokine.3.like.1,1
C.C.motif.chemokine.8,1
Stromelysin.1,2
Matrilysin,1
Neutrophil.activating.peptide.2,1
Superoxide.dismutase..Cu.Zn.,1
Fibrinogen,1
Apolipoprotein.B,1
Angiotensin.converting.enzyme.2,1
Activin.receptor.type.1B,1
A.disintegrin.and.metalloproteinase.with.thrombospondin.motifs.4,1
Angiopoietin.1,1
Agouti.related.protein,1
Basal.Cell.Adhesion.Molecule,0
Cadherin.5,1
CD97.antigen,1
COMM.domain.containing.protein.7,1
Ectodysplasin.A..secreted.form,1
Fractalkine,1
Kunitz.type.protease.inhibitor.1,1
Interleukin.27,1
Kallikrein.11,1
Kallikrein.4,1
Kallikrein.8,1
X.ray.repair.cross.complementing.protein.6,1
Neutrophil.gelatinase.associated.lipocalin,1
Hepatocyte.growth.factor.receptor,1
Matrix.metalloproteinase.17,1
Tumor.necrosis.factor.ligand.superfamily.member.4,1
Secreted.frizzled.related.protein.3,2
Kunitz.type.protease.inhibitor.2,1
Tyrosine.protein.kinase.receptor.Tie.1..soluble,1
Ubiquitin.1..truncated.mutation.for.UbB,1
Wnt.inhibitory.factor.1,1
Allograft.inflammatory.factor.1,1
C5a.anaphylatoxin,1
Serine.threonine.protein.kinase.Chk1,1
Mitogen.activated.protein.kinase.3,1
Glucocorticoid.receptor,1
Histone.acetyltransferase.type.B.catalytic.subunit,1
Histone.deacetylase.8,1
Importin.subunit.alpha.1,1
Dual.specificity.mitogen.activated.protein.kinase.kinase.1,1
Histone.acetyltransferase.KAT6A,1
Protein.kinase.C.delta.type,1
Ras.related.C3.botulinum.toxin.substrate.1,1
DNA.repair.protein.RAD51.homolog.1,1
TATA.box.binding.protein,1
DNA.topoisomerase.1,1
SUMO.conjugating.enzyme.UBC9,1
Tyrosine.protein.kinase.Yes,1
Alpha.1.antichymotrypsin,1
Complement.component.C7,2
Cardiotrophin.1,1
C.C.motif.chemokine.28,1
B.cell.receptor.CD22,1
C.C.motif.chemokine.14,0
Interleukin.4,1
Midkine,1
C.C.motif.chemokine.23,1
Proliferating.cell.nuclear.antigen,1
Tumor.necrosis.factor.ligand.superfamily.member.11,1
Plasminogen.activator.inhibitor.1,0
Apolipoprotein.E..isoform.E3.,0
Apolipoprotein.E..isoform.E4.,0
Artemin,2
Cytochrome.c,1
Cytochrome.P450.3A4,1
Neuroblastoma.suppressor.of.tumorigenicity.1,1
Estrogen.receptor,1
Complement.factor.D,0
Growth.hormone.receptor,2
Group.10.secretory.phospholipase.A2,1
Insulin.like.growth.factor.binding.protein.4,1
Insulin.like.growth.factor.I,1
Luteinizing.hormone,1
Properdin,1
Vitamin.K.dependent.protein.C,2
Parathyroid.hormone.related.protein,1
Stem.Cell.Growth.Factor.beta,1
Vascular.cell.adhesion.protein.1,1
Tumor.necrosis.factor.ligand.superfamily.member.15,1
Serine.threonine.protein.kinase.receptor.R3,1
Amphiregulin,1
Bone.morphogenetic.protein.7,1
Platelet.glycoprotein.4,0
Contactin.1,1
Connective.tissue.growth.factor,1
Desmoglein.1,1
Tumor.necrosis.factor.receptor.superfamily.member.EDAR,0
C.X.C.motif.chemokine.5,1
Endothelial.cell.selective.adhesion.molecule,1
Galectin.4,1
Growth.regulated.alpha.protein,1
Gro.beta.gamma,0
Histone.H1.2,1
Inducible.T.cell.costimulator,1
Interleukin.1.receptor.type.1,1
Interleukin.17.receptor.A,1
Interleukin.18.receptor.accessory.protein,1
Interleukin.1.receptor.like.2,1
Junctional.adhesion.molecule.B,1
Junctional.adhesion.molecule.C,1
Limbic.system.associated.membrane.protein,1
Mannose.binding.protein.C,1
Natural.cytotoxicity.triggering.receptor.3,1
Programmed.cell.death.1.ligand.2,1
Tyrosine.protein.phosphatase.non.receptor.type.1,1
Sialic.acid.binding.Ig.like.lectin.9,1
Transforming.growth.factor.beta.receptor.type.3,1
Thymic.stromal.lymphopoietin,1
Cytotoxic.T.lymphocyte.protein.4,1
Alpha.2.antiplasmin,0
Fibroblast.growth.factor.2,1
Calpastatin,1
Ck.beta.8.1,1
CD209.antigen,1
C.type.lectin.domain.family.4.member.M,1
Follicle.stimulating.hormone,1
Galectin.2,1
Glial.fibrillary.acidic.protein,1
Interleukin.19,1
Interleukin.1.beta,1
C.X.C.motif.chemokine.11,1
C.C.motif.chemokine.3,1
C.type.mannose.receptor.2,1
Myoglobin,0
SPARC,1
C.C.motif.chemokine.18,0
Pleiotrophin,1
Resistin,1
Trypsin.1,1
von.Willebrand.factor,0
Tumor.necrosis.factor.ligand.superfamily.member.6..soluble.form,1
Fms.related.tyrosine.kinase.3.ligand,1
Haptoglobin,0
Interleukin.4.receptor.subunit.alpha,1
NKG2.D.type.II.integral.membrane.protein,1
WNT1.inducible.signaling.pathway.protein.1,1
Tumor.necrosis.factor.ligand.superfamily.member.13B,1
Complement.component.C9,2
Cathepsin.B,1
Fibroblast.growth.factor.5,1
Galectin.3,2
Growth.differentiation.factor.9,1
Immunoglobulin.M,1
Interleukin.2,1
Interleukin.13,1
Interleukin.18.binding.protein,1
Lipopolysaccharide.binding.protein,1
Coagulation.factor.Xa,0
Placenta.growth.factor,1
Retinoic.acid.receptor.responder.protein.2,1
NKG2D.ligand.1,1
NKG2D.ligand.2,1
Tumor.necrosis.factor.receptor.superfamily.member.27,0
Aurora.kinase.A,1
Mitogen.activated.protein.kinase.1,1
Diablo.homolog..mitochondrial,1
Vascular.endothelial.growth.factor.C,1
T.cell.surface.glycoprotein.CD4,1
Interleukin.2.receptor.subunit.alpha,1
Tumor.necrosis.factor.receptor.superfamily.member.1B,1
Myeloid.cell.surface.antigen.CD33,1
A.disintegrin.and.metalloproteinase.with.thrombospondin.motifs.5,1
Alpha.L.iduronidase,1
Methionine.aminopeptidase.2,0
Amyloid.beta.A4.protein,1
Arylsulfatase.B,1
N.acylethanolamine.hydrolyzing.acid.amidase,1
A.disintegrin.and.metalloproteinase.with.thrombospondin.motifs.1,1
A.disintegrin.and.metalloproteinase.with.thrombospondin.motifs.13,1
Carbonic.anhydrase.4,1
Dipeptidyl.peptidase.1,1
Lysosomal.protective.protein,1
Cathepsin.S,1
Ectonucleoside.triphosphate.diphosphohydrolase.1,1
Coagulation.factor.VII,1
Complement.C2,1
Cysteine.rich.secretory.protein.3,1
Enteropeptidase,1
WAP..kazal..immunoglobulin..kunitz.and.NTR.domain.containing.protein.1,0
Cytosolic.non.specific.dipeptidase,1
Platelet.glycoprotein.VI,1
Granulysin,2
Hyaluronan.and.proteoglycan.link.protein.1,0
Insulin.degrading.enzyme,1
Iduronate.2.sulfatase,1
Kallikrein.12,1
Kallikrein.13,1
Kallikrein.5,1
Kremen.protein.2,1
Leukotriene.A.4.hydrolase,1
Lymphatic.vessel.endothelial.hyaluronic.acid.receptor.1,1
Matrilin.3,1
Matrix.extracellular.phosphoglycoprotein,1
Methionine.aminopeptidase.1,1
Neutral.ceramidase,0
Nidogen.1,1
Polymeric.immunoglobulin.receptor,1
Glia.derived.nexin,1
Proto.oncogene.tyrosine.protein.kinase.receptor.Ret,1
Secreted.frizzled.related.protein.1,1
Semaphorin.3A,1
Tartrate.resistant.acid.phosphatase.type.5,1
Coiled.coil.domain.containing.protein.80,0
WAP..Kazal..immunoglobulin..Kunitz.and.NTR.domain.containing.protein.2,1
Aggrecan.core.protein,1
Angiopoietin.related.protein.3,1
Transforming.growth.factor.beta.induced.protein.ig.h3,1
Biglycan,0
Complement.C1r.subcomponent,1
Carbonic.anhydrase.related.protein.10,1
CD109.antigen,1
Low.affinity.immunoglobulin.epsilon.Fc.receptor,2
CD48.antigen,1
CD5.antigen.like,1
Cryptic.protein,1
Contactin.2,1
Contactin.4,1
Contactin.5,1
Cystatin.F,1
Cystatin.M,1
Delta.like.protein.4,1
Low.affinity.immunoglobulin.gamma.Fc.region.receptor.II.a,1
Low.affinity.immunoglobulin.gamma.Fc.region.receptor.II.b,1
Low.affinity.immunoglobulin.gamma.Fc.region.receptor.III.B,1
High.affinity.immunoglobulin.gamma.Fc.receptor.I,1
Ficolin.2,1
GDNF.family.receptor.alpha.1,1
Glypican.2,1
Heparin.cofactor.2,1
Serine.protease.HTRA2..mitochondrial,1
Insulin.like.growth.factor.binding.protein.7,2
Interleukin.24,1
Leucine.rich.repeats.and.immunoglobulin.like.domains.protein.3,1
Low.density.lipoprotein.receptor.related.protein.8,1
T.lymphocyte.surface.antigen.Ly.9,0
Matrilin.2,1
Cell.adhesion.molecule.1,0
Netrin.4,0
Peptidoglycan.recognition.protein.1,1
RGM.domain.family.member.B,2
Hemojuvelin,0
Tissue.factor.pathway.inhibitor,1
Thrombospondin.2,2
Thrombospondin.4,1
Tyrosine.protein.kinase.ABL1,1
Aminoacylase.1,1
Antithrombin.III,1
Aurora.kinase.B,1
beta.adrenergic.receptor.kinase.1,1
Bone.morphogenetic.protein.1,2
Calcium.calmodulin.dependent.protein.kinase.type.II.subunit.alpha,1
Calcium.calmodulin.dependent.protein.kinase.type.II.subunit.beta,1
Carbonic.anhydrase.6,2
Carbonic.anhydrase.7,1
Cyclin.dependent.kinase.2.Cyclin.A2.complex,1
Cyclin.dependent.kinase.5.Cyclin.dependent.kinase.5.activator.1.complex,1
Cyclin.dependent.kinase.8.Cyclin.C.complex,1
Serine.threonine.protein.kinase.Chk2,1
C.type.lectin.domain.family.4.member.K,1
Chordin.like.protein.1,2
Tyrosine.protein.kinase.CSK,1
Cathepsin.L2,1
Dickkopf.related.protein.4,1
Extracellular.matrix.protein.1,1
Fetuin.B,1
Granzyme.H,1
Tyrosine.protein.kinase.HCK,1
Interleukin.17.receptor.D,1
Kallikrein.7,1
Protein.kinase.C.iota.type,1
Tyrosine.protein.kinase.Lyn..isoform.B,1
Serine.threonine.protein.kinase.PAK.3,1
Serine.threonine.protein.kinase.PAK.7,1
Plasma.serine.protease.inhibitor,0
PIK3CA.PIK3R1,1
Phosphatidylinositol.4.5.bisphosphate.3.kinase.catalytic.subunit.gamma.isoform,1
RAC.alpha.beta.gamma.serine.threonine.protein.kinase,1
Serine.threonine.protein.kinase.PLK1,1
Renin,2
Tyrosine.protein.phosphatase.non.receptor.type.11,1
Stabilin.2,1
Serine.threonine.protein.kinase.TBK1,1
Tyrosine.protein.phosphatase.non.receptor.type.2,1
Tryptase.beta.2,1
Tryptase.gamma,0
Ubiquitin.fold.modifier.conjugating.enzyme.1,1
Apoptosis.regulator.Bcl.2,1
Bcl.2.related.protein.A1,1
Cytoplasmic.tyrosine.protein.kinase.BMX,1
Bone.sialoprotein.2,1
Tyrosine.protein.kinase.BTK,1
Calcium.calmodulin.dependent.protein.kinase.type.1D,1
Calcium.calmodulin.dependent.protein.kinase.type.II.subunit.delta,1
Carbonic.anhydrase.13,1
Tumor.necrosis.factor.ligand.superfamily.member.8,0
Cyclin.dependent.kinase.1.G2.mitotic.specific.cyclin.B1.complex,1
Chymase,1
Casein.kinase.II.subunit.alpha,1
Ephrin.type.A.receptor.1,1
Ephrin.type.A.receptor.3,1
Fibronectin.Fragment.3,1
Fibronectin.Fragment.4,1
Receptor.type.tyrosine.protein.kinase.FLT3,1
Follistatin.related.protein.3,1
Granzyme.A,1
Glycogen.synthase.kinase.3.alpha.beta,1
Homeodomain.interacting.protein.kinase.3,1
Interleukin.15.receptor.subunit.alpha,1
Interleukin.18.receptor.1,1
Interleukin.8,1
Insulin.receptor,1
Kallistatin,1
Kallikrein.6,1
Tyrosine.protein.kinase.Lck,1
Tyrosine.protein.kinase.Lyn,1
Periostin,1
Platelet.derived.growth.factor.receptor.beta,1
Brevican.core.protein,2
cAMP.dependent.protein.kinase.catalytic.subunit.alpha,1
Ribosomal.protein.S6.kinase.alpha.3,1
E.selectin,1
Serine.threonine.protein.kinase.16,1
Baculoviral.IAP.repeat.containing.protein.5,1
Thrombopoietin.Receptor,1
Thrombospondin.1,1
High.affinity.nerve.growth.factor.receptor,1
Trypsin.3,1
Dual.specificity.protein.phosphatase.3,0
Xaa.Pro.aminopeptidase.1,1
Angiotensinogen,0
Beta.2.microglobulin,0
Fibroblast.growth.factor.1,1
C.X.C.motif.chemokine.13,1
Catalase,0
Ciliary.neurotrophic.factor,1
Fibroblast.growth.factor.17,1
C.X.C.motif.chemokine.6,1
Interferon.alpha.2,1
Interleukin.17B,1
Integrin.alpha.I..beta.1.complex,1
Hepcidin,1
Lymphotoxin.alpha1.beta2,0
Lymphotoxin.alpha2.beta1,1
C.C.motif.chemokine.22,1
C.C.motif.chemokine.15,1
Myeloblastin,1
Stromal.cell.derived.factor.1,2
Carboxypeptidase.B2,0
C.C.motif.chemokine.17,1
Transforming.growth.factor.beta.3,1
Thyroid.Stimulating.Hormone,1
Vasoactive.Intestinal.Peptide,1
CD40.ligand,1
Dickkopf.related.protein.1,1
Aromatic.L.amino.acid.decarboxylase,0
Adiponectin,0
Alpha.1.antitrypsin,0
Alpha.2.HS.glycoprotein,1
Arylsulfatase.A,1
Basigin,1
Bone.morphogenetic.protein.10,1
Cadherin.6,1
Calcium.calmodulin.dependent.protein.kinase.type.1,1
Caspase.3,1
Cathepsin.E,1
Chitotriosidase.1,1
Neural.cell.adhesion.molecule.L1.like.protein,1
C.type.lectin.domain.family.7.member.A,1
Mannan.binding.lectin.serine.protease.1,1
Discoidin.domain.containing.receptor.2,1
Dickkopf.related.protein.3,1
Dipeptidyl.peptidase.2,1
Endothelin.converting.enzyme.1,1
Ephrin.type.B.receptor.4,1
Ficolin.1,1
N.acetylglucosamine.6.sulfatase,0
Hepatocyte.growth.factor.activator,1
Interleukin.22.receptor.subunit.alpha.1,1
Legumain,1
Lymphocyte.antigen.86,1
Serine.protease.27,1
Membrane.metallo.endopeptidase.like.1,0
Dual.specificity.mitogen.activated.protein.kinase.kinase.2,1
Serine.threonine.protein.kinase.MRCK.beta,1
Cell.adhesion.molecule.3,1
Nidogen.2,1
Opioid.binding.protein.cell.adhesion.molecule,1
OCIA.domain.containing.protein.1,1
Oxidized.low.density.lipoprotein.receptor.1,1
alpha.2.macroglobulin.receptor.associated.protein,1
SLAM.family.member.5,1
SLIT.and.NTRK.like.protein.1,1
Dickkopf.like.protein.1,1
Tyrosine.protein.kinase.Tec,1
Toll.like.receptor.4.Lymphocyte.antigen.96.complex,1
Vascular.endothelial.growth.factor.receptor.2,0
BMP.binding.endothelial.regulator.protein,1
Cadherin.12,1
Calcineurin.subunit.B.type.1,1
Complement.factor.H.related.protein.5,1
Cation.independent.mannose.6.phosphate.receptor,1
Kallikrein.14,1
Macrophage.scavenger.receptor.types.I.and.II,1
Membrane.frizzled.related.protein,1
Serum.albumin,1
Alpha.2.macroglobulin,1
Alanine.aminotransferase.1,0
Angiostatin,1
Creatine.kinase.M.type.Creatine.kinase.B.type.heterodimer,0
Cyclin.dependent.kinase.inhibitor.1B,1
Brain.natriuretic.peptide.32,1
Peptide.YY,1
Secretin,1
Tumor.necrosis.factor.receptor.superfamily.member.4,1
Macrophage.colony.stimulating.factor.1,1
Activated.Protein.C,1
Prostaglandin.G.H.synthase.2,1
Syntaxin.1A,1
Angiopoietin.1.receptor..soluble,1
Disintegrin.and.metalloproteinase.domain.containing.protein.9,1
Angiopoietin.related.protein.4,2
Cadherin.2,1
Carbonic.anhydrase.9,1
Carbonic.anhydrase.3,0
Creatine.kinase.B.type,1
Cystatin.S,1
Cystatin.D,1
Endothelial.cell.specific.molecule.1,1
Ephrin.type.A.receptor.5,0
Fibroblast.growth.factor.23,1
Fibroblast.growth.factor.receptor.2,1
Fibroblast.growth.factor.receptor.3,1
Tyrosine.protein.kinase.Fgr,1
Tyrosine.protein.kinase.Fyn,1
Interleukin.12.receptor.subunit.beta.2,1
Protein.kinase.C.theta.type,1
MAP.kinase.activated.protein.kinase.2,1
MAP.kinase.activated.protein.kinase.5,1
MAP.kinase.activated.protein.kinase.3,1
Megakaryocyte.associated.tyrosine.protein.kinase,1
Mitogen.activated.protein.kinase.8,1
Serine.threonine.protein.kinase.PAK.6,1
Platelet.derived.growth.factor.C,1
Phosphatidylinositol.3.4.5.trisphosphate.3.phosphatase.and.dual.specificity.protein.phosphatase.PTEN,1
Protein.tyrosine.kinase.6,1
Toll.like.receptor.2,1
Ubiquitin.fold.modifier.1,0
AH.receptor.interacting.protein,0
Peptidyl.prolyl.cis.trans.isomerase.A,1
Dynein.light.chain.roadblock.type.1,0
Persulfide.dioxygenase.ETHE1..mitochondrial,1
Glyceraldehyde.3.phosphate.dehydrogenase,1
DnaJ.homolog.subfamily.B.member.1,1
Malate.dehydrogenase..cytoplasmic,0
Nascent.polypeptide.associated.complex.subunit.alpha,1
Peroxiredoxin.1,1
Low.molecular.weight.phosphotyrosine.protein.phosphatase,1
Proteasome.subunit.alpha.type.1,1
Proteasome.subunit.alpha.type.6,1
X40S.ribosomal.protein.S7,1
Ribosomal.protein.S6.kinase.alpha.5,1
Ribosome.maturation.protein.SBDS,1
Seizure.6.like.protein.2,1
Small.glutamine.rich.tetratricopeptide.repeat.containing.protein.alpha,1
Translationally.controlled.tumor.protein,1
Thyroid.peroxidase,1
Ubiquitin.conjugating.enzyme.E2.L3,1
AT.rich.interactive.domain.containing.protein.3A,1
Calcium.calmodulin.dependent.protein.kinase.kinase.1,1
Hsp90.co.chaperone.Cdc37,1
Dynein.light.chain.1..cytoplasmic,1
Importin.subunit.beta.1,0
Inhibitor.of.growth.protein.1,1
Lamin.B1,1
L.lactate.dehydrogenase.B.chain,1
Methyl.CpG.binding.domain.protein.4,1
Mesothelin,1
N.acetyl.D.glucosamine.kinase,1
Phosphoglycerate.mutase.1,1
Pyridoxal.phosphate.phosphatase,1
X26S.proteasome.non.ATPase.regulatory.subunit.7,1
S.phase.kinase.associated.protein.1,1
Sorting.nexin.4,1
Ubiquitin.conjugating.enzyme.E2.N,1
Epithelial.discoidin.domain.containing.receptor.1,1
Fibroblast.growth.factor.4,1
Heat.shock.70.kDa.protein.1A,1
Advanced.glycosylation.end.product.specific.receptor..soluble,1
Bactericidal.permeability.increasing.protein,1
Complement.component.C6,1
C.C.motif.chemokine.24,1
Complement.factor.B,1
Fibroblast.growth.factor.6,1
Fibronectin,1
Follistatin,1
Granzyme.B,1
Heparin.binding.EGF.like.growth.factor,1
Immunoglobulin.E,1
Interleukin.17D,1
Interleukin.25,1
Interleukin.20,1
Interleukin.6.receptor.subunit.alpha,1
Interleukin.7,1
C.X.C.motif.chemokine.10,1
Lymphotactin,1
C.C.motif.chemokine.13,1
Neurotrophin.3,1
Neurotrophin.4,1
Pappalysin.1,1
Platelet.derived.growth.factor.subunit.B,1
Plasmin,1
Plasminogen,1
Plasma.kallikrein,2
Alpha.1.antichymotrypsin.complex,1
P.selectin,1
Tenascin,1
Transforming.growth.factor.beta.2,1
Thrombin,1
Urokinase.type.plasminogen.activator,1
Complement.factor.H,1
X72.kDa.type.IV.collagenase,1
Serotransferrin,1
Histone.H2A.z,1
Thyroglobulin,1
X14.3.3.protein.family,1
Eukaryotic.translation.initiation.factor.4E.binding.protein.2,1
X6.phosphogluconate.dehydrogenase..decarboxylating,1
Aflatoxin.B1.aldehyde.reductase.member.2,1
Alcohol.dehydrogenase..NADP....,2
Acidic.leucine.rich.nuclear.phosphoprotein.32.family.member.B,1
Cofilin.1,0
Vacuolar.protein.sorting.associated.protein.VTA1.homolog,1
Epidermal.growth.factor.receptor.substrate.15.like.1,1
X3.hydroxyacyl.CoA.dehydrogenase.type.2,1
Tyrosine.protein.kinase.Fer,1
Heterogeneous.nuclear.ribonucleoprotein.Q,1
Eukaryotic.translation.initiation.factor.4.gamma.2,1
Insulin.like.growth.factor.1.receptor,1
Interleukin.1.receptor.like.1,1
Leucine.carboxyl.methyltransferase.1,1
Protein.lin.7.homolog.B,1
Pyruvate.kinase.PKM,1
E3.ubiquitin.protein.ligase.Mdm2,1
Neural.cell.adhesion.molecule.L1,1
Nucleoside.diphosphate.kinase.B,1
NSFL1.cofactor.p47,0
NudC.domain.containing.protein.3,1
Proliferation.associated.protein.2G4,1
Serum.paraoxonase.arylesterase.1,1
Pescadillo.homolog,1
Prefoldin.subunit.5,1
Glucose.6.phosphate.isomerase,0
Phosphatidylethanolamine.binding.protein.1,1
Protein.disulfide.isomerase,1
Proteasome.subunit.alpha.type.2,0
GTP.binding.nuclear.protein.Ran,0
RNA.binding.protein.39,1
Alpha.soluble.NSF.attachment.protein,1
Sphingosine.kinase.1,1
Spondin.1,2
Thymidine.kinase..cytosolic,1
Ligand.dependent.nuclear.receptor.corepressor.like.protein,1
Transketolase,1
Triosephosphate.isomerase,1
dCTP.pyrophosphatase.1,1
Tyrosine.protein.phosphatase.non.receptor.type.6,1
Protein.amnionless,1
Cystatin.SA,1
Brother.of.CDO,1
C.type.lectin.domain.family.1.member.B,1
Serum.amyloid.A.1.protein,1
C.reactive.protein,1
Intercellular.adhesion.molecule.1,1
Death.associated.protein.kinase.2,1
Dual.specificity.tyrosine.phosphorylation.regulated.kinase.3,1
Growth.differentiation.factor.15,2
Desert.hedgehog.protein.N.product,1
Fibroblast.growth.factor.12,1
Fibroblast.growth.factor.16,1
Fibroblast.growth.factor.8.isoform.A,1
Interferon.lambda.1,1
Interferon.lambda.2,1
Hepatocyte.growth.factor.like.protein,1
Antileukoproteinase,1
Pulmonary.surfactant.associated.protein.D,1
Disintegrin.and.metalloproteinase.domain.containing.protein.12,1
Bcl.2.like.protein.1,1
Carbohydrate.sulfotransferase.2,1
Carbohydrate.sulfotransferase.6,1
Collectin.11,1
Ectonucleotide.pyrophosphatase.phosphodiesterase.family.member.7,1
Ectonucleoside.triphosphate.diphosphohydrolase.3,1
Ectonucleoside.triphosphate.diphosphohydrolase.5,1
Fc.receptor.like.protein.3,1
Gremlin.1,1
Heterogeneous.nuclear.ribonucleoprotein.A.B,1
Leucine.rich.repeat.transmembrane.neuronal.protein.1,1
Leucine.rich.repeat.transmembrane.neuronal.protein.3,1
Lactadherin,0
Proprotein.convertase.subtilisin.kexin.type.7,1
X3.phosphoinositide.dependent.protein.kinase.1,1
Sialoadhesin,1
SPARC.like.protein.1,1
Sphingosine.kinase.2,1
Carbohydrate.sulfotransferase.15,2
Protein.glutamine.gamma.glutamyltransferase.E,1
Tropomyosin.beta.chain,1
Ubiquitin,1
Tyrosine.protein.kinase.ZAP.70,1
Plasma.protease.C1.inhibitor,1
Complement.C3b,1
Complement.C4,1
Complement.C5b.C6.complex,1
Fibroblast.growth.factor.7,1
Interleukin.3.receptor.subunit.alpha,1
Interleukin.5.receptor.subunit.alpha,1
Interleukin.11,1
Kininogen.1,1
Macrophage.metalloelastase,2
Neural.cell.adhesion.molecule.1..120.kDa.isoform,1
Platelet.derived.growth.factor.subunit.A,1
Stem.cell.growth.factor.alpha,1
A.disintegrin.and.metalloproteinase.with.thrombospondin.motifs.15,1
Brain.specific.serine.protease.4,1
ADP.ribosyl.cyclase.cyclic.ADP.ribose.hydrolase.2,1
Chromobox.protein.homolog.5,1
Cell.adhesion.molecule.related.down.regulated.by.oncogenes,0
Clusterin,1
Collagen.alpha.1.XXIII..chain,1
Connective.tissue.activating.peptide.III,1
Mitochondrial.import.inner.membrane.translocase.subunit.TIM14,1
Adhesion.G.protein.coupled.receptor.E2,2
Leucine.rich.repeat.transmembrane.protein.FLRT1,1
Galactoside.3.4..L.fucosyltransferase,1
Alpha..1.3..fucosyltransferase.5,2
Adhesion.G.protein.coupled.receptor.G5,1
Hepatoma.derived.growth.factor.related.protein.2,1
Interleukin.34,1
Kin.of.IRRE.like.protein.3,1
Kynureninase,1
Baculoviral.IAP.repeat.containing.protein.7.Isoform.beta,1
Neurexophilin.1,1
X1.phosphatidylinositol.4.5.bisphosphate.phosphodiesterase.gamma.1,1
Plexin.C1,1
R.spondin.2,1
SH2.domain.containing.protein.1A,1
SLIT.and.NTRK.like.protein.5,0
VPS10.domain.containing.receptor.SorCS2,1
Pancreatic.hormone,0
Interleukin.6,1
X3.hydroxyisobutyrate.dehydrogenase..mitochondrial,1
Granulocyte.macrophage.colony.stimulating.factor,1
Lymphotoxin.alpha,1
Protein.4.1,1
Estradiol.17.beta.dehydrogenase.1,1
Apolipoprotein.D,1
Interleukin.3,1
Peptidyl.prolyl.cis.trans.isomerase.B,1
Protein.disulfide.isomerase.A3,1
Trefoil.factor.3,0
Afamin,2
Olfactomedin.4,1
Acid.sphingomyelinase.like.phosphodiesterase.3a,1
Protein.FAM107B,1
Gelsolin,1
Corticosteroid.binding.globulin,1
UMP.CMP.kinase,1
gp41.C34.peptide..HIV,1
Lactoperoxidase,1
Collagen.alpha.1.VIII..chain,1
Inter.alpha.trypsin.inhibitor.heavy.chain.H4,1
Thioredoxin.domain.containing.protein.12,1
X14.3.3.protein.sigma,1
L.Selectin,1
Tumor.necrosis.factor.receptor.superfamily.member.10A,1
Ephrin.type.A.receptor.2,1
Granulocyte.colony.stimulating.factor,1
Glypican.3,1
Interleukin.1.alpha,1
Bone.morphogenetic.protein.receptor.type.1A,0
Bone.morphogenetic.protein.receptor.type.2,1
BDNF.NT.3.growth.factors.receptor,0
Vascular.endothelial.growth.factor.A..isoform.121,1
Angiogenin,1
Coagulation.factor.IX,1
Coagulation.Factor.X,0
Growth.differentiation.factor.2,0
Insulin,1
C.C.motif.chemokine.7,1
Protein.Wnt.7a,1
Corticotropin,1
Glucagon,1
C3a.anaphylatoxin,1
Calcineurin,1
Caspase.2,1
Coactosin.like.protein,1
Coagulation.Factor.V,1
D.dimer,1
Endoglin,1
Galectin.8,1
Phospholipase.A2,1
Glutathione.S.transferase.P,1
Aspartate.aminotransferase..cytoplasmic,1
C.C.motif.chemokine.16,1
Human.Chorionic.Gonadotropin,1
Hemoglobin,1
Immunoglobulin.D,1
Integrin.alpha.V..beta.5.complex,1
Lysozyme.C,1
C.C.motif.chemokine.19,1
Muellerian.inhibiting.factor,1
Interstitial.collagenase,1
Collagenase.3,1
Sex.hormone.binding.globulin,0
Stanniocalcin.1,1
Tissue.Factor,1
Epiregulin,1
X40S.ribosomal.protein.SA,1
Anterior.gradient.protein.2.homolog,1
Annexin.A1,1
Annexin.A2,1
Cerebral.dopamine.neurotrophic.factor,1
cAMP.regulated.phosphoprotein.19,1
Endoplasmic.reticulum.aminopeptidase.1,1
ATP.synthase.subunit.beta..mitochondrial,1
Complement.component.1.Q.subcomponent.binding.protein..mitochondrial,1
Macrophage.capping.protein,0
Carbonic.anhydrase.1,1
Carbonic.anhydrase.2,1
Cathepsin.Z,1
Baculoviral.IAP.repeat.containing.protein.3,1
Adapter.molecule.crk,1
Drebrin.like.protein,1
Dermatopontin,1
Desmocollin.3,1
Elafin,1
Endoplasmic.reticulum.resident.protein.29,0
S.formylglutathione.hydrolase,1
Fatty.acid.binding.protein..epidermal,1
Focal.adhesion.kinase.1,1
Immunoglobulin.alpha.Fc.receptor,1
Fibroblast.growth.factor.receptor.4,1
Fibrinogen.gamma.chain,1
Platelet.glycoprotein.Ib.alpha.chain,1
Glypican.5,1
Granulins,1
Glutathione.S.transferase.A3,1
Heterogeneous.nuclear.ribonucleoprotein.K,1
X15.hydroxyprostaglandin.dehydrogenase..NAD....,1
Histidine.rich.glycoprotein,1
Eukaryotic.initiation.factor.4A.III,1
Tyrosine.protein.kinase.JAK2,1
Galectin.3.binding.protein,2
Mammaglobin.B,1
Matrix.metalloproteinase.14,1
Mitogen.activated.protein.kinase.11,1
Mitogen.activated.protein.kinase.12,1
Mitogen.activated.protein.kinase.13,1
Mitogen.activated.protein.kinase.14,1
Superoxide.dismutase..Mn...mitochondrial,1
Moesin,0
Nicotinamide.phosphoribosyltransferase,1
Adenylate.kinase.isoenzyme.1,1
Chloride.intracellular.channel.protein.1,1
Cytoplasmic.protein.NCK1,1
Platelet.activating.factor.acetylhydrolase,1
Protein.deglycase.DJ.1,1
Peroxiredoxin.5..mitochondrial,1
Peroxiredoxin.6,2
Ubiquitin.carboxyl.terminal.hydrolase.isozyme.L1,1
Phosphoglycerate.kinase.1,1
Inorganic.pyrophosphatase,1
Adenylosuccinate.lyase,1
Retinoblastoma.associated.protein,1
X40S.ribosomal.protein.S3,1
Scavenger.receptor.cysteine.rich.type.1.protein.M130,0
Prolyl.endopeptidase.FAP,1
NAD.dependent.protein.deacetylase.sirtuin.2,1
Spectrin.alpha.chain..non.erythrocytic.1,1
FACT.complex.subunit.SSRP1,1
Tropomyosin.alpha.1.chain,1
Trypsin.2,1
Thymidylate.synthase,1
Tumor.necrosis.factor.inducible.gene.6.protein,1
Programmed.cell.death.1.ligand.1,1
ICOS.ligand,1
CD226.antigen,1
Natural.killer.cell.receptor.2B4,1
CD83.antigen,2
CMRF35.like.molecule.6,1
Cytotoxic.and.regulatory.T.cell.molecule,1
Complement.decay.accelerating.factor,0
Tumor.necrosis.factor.receptor.superfamily.member.6B,1
Ephrin.type.A.receptor.10,1
Ephrin.type.B.receptor.2,1
Ephrin.type.B.receptor.6,1
Transmembrane.glycoprotein.NMB,1
X.linked.interleukin.1.receptor.accessory.protein.like.2,1
Interleukin.17.receptor.B,1
Interleukin.20.receptor.subunit.alpha,1
Interleukin.22.receptor.subunit.alpha.2,0
Interleukin.23.receptor,1
Interleukin.7.receptor.subunit.alpha,1
Leukocyte.immunoglobulin.like.receptor.subfamily.B.member.1,1
Leukocyte.immunoglobulin.like.receptor.subfamily.B.member.2,1
Protein.jagged.1,1
Protein.jagged.2,1
Junctional.adhesion.molecule.like,1
Killer.cell.immunoglobulin.like.receptor.2DL4,2
Killer.cell.immunoglobulin.like.receptor.3DL2,1
Killer.cell.immunoglobulin.like.receptor.3DS1,1
Killer.cell.lectin.like.receptor.subfamily.F.member.1,1
Lymphocyte.activation.gene.3.protein,1
Lysosome.membrane.protein.2,1
MHC.class.I.polypeptide.related.sequence.B,1
Cell.surface.glycoprotein.CD200.receptor.1,1
Natural.cytotoxicity.triggering.receptor.1,1
Reticulon.4.receptor,1
Neurogenic.locus.notch.homolog.protein.2,1
Neurogenic.locus.notch.homolog.protein.1,1
Neurogenic.locus.notch.homolog.protein.3,1
Neuronal.cell.adhesion.molecule,1
Neurexin.1.beta,1
Neurexin.3.beta,1
OX.2.membrane.glycoprotein,1
Prolactin.receptor,1
Tumor.necrosis.factor.receptor.superfamily.member.19L,1
Roundabout.homolog.2,1
Roundabout.homolog.3,1
Semaphorin.6B,1
Semaphorin.6A,1
Intercellular.adhesion.molecule.5,1
Sialic.acid.binding.Ig.like.lectin.14,1
SLAM.family.member.6,0
Scavenger.receptor.class.F.member.1,1
Scavenger.receptor.class.F.member.2,1
Tumor.necrosis.factor.receptor.superfamily.member.19,1
Interleukin.27.receptor.subunit.alpha,2
TGF.beta.receptor.type.2,1
Hepatitis.A.virus.cellular.receptor.2,1
Tumor.necrosis.factor.receptor.superfamily.member.12A,1
Netrin.receptor.UNC5C,1
Netrin.receptor.UNC5D,1
High.affinity.cAMP.specific.3..5..cyclic.phosphodiesterase.7A,1
AMP.Kinase..alpha1beta1gamma1.,1
GTPase.KRas,1
Glycylpeptide.N.tetradecanoyltransferase.1,1
High.affinity.cGMP.specific.3..5..cyclic.phosphodiesterase.9A,1
Peptidyl.prolyl.cis.trans.isomerase.D,1
Proteasome.activator.complex.subunit.3,1
Glucokinase.regulatory.protein,1
Casein.kinase.II.2.alpha.2.beta.heterotetramer,1
Casein.kinase.II.2.alpha..2.beta.heterotetramer,1
X.Pyruvate.dehydrogenase..acetyl.transferring...kinase.isozyme.1..mitochondrial,1
Kinesin.like.protein.KIF23,1
Inosine.5..monophosphate.dehydrogenase.1,1
X3.hydroxy.3.methylglutaryl.coenzyme.A.reductase,1
Proprotein.convertase.subtilisin.kexin.type.9,1
Nuclear.receptor.subfamily.1.group.D.member.1,1
Peptidyl.prolyl.cis.trans.isomerase.E,1
Dual.specificity.mitogen.activated.protein.kinase.kinase.4,1
Mitogen.activated.protein.kinase.9,1
AMP.Kinase..alpha2beta2gamma1.,1
cGMP.dependent.3..5..cyclic.phosphodiesterase,1
Peptidyl.prolyl.cis.trans.isomerase.F..mitochondrial,1
Serine.threonine.protein.kinase,1
IMDH2,1
PDE11,1
PDE1A,1
PDE3A,1
PDE4D,1
PDE5A,1
TAK1.TAB1,1
TYK2,0
ABL2,1
BCAR3,1
calreticulin,1
GRB2.related.adapter.protein.2,1
MMP.16,1
RAC3,1
SHC1,1
VAV,1
GHC2,1
Eotaxin,2
Coagulation.Factor.IXab,1
Elastase,1
Apo.E2,0
Troponin.T,2
Prothrombin,1
EGFRvIII,1
annexin.VI,1
B7.2,1
calgranulin.B,1
Caspase.10,1
CBPE,1
CKAP2,1
CPNE1,1
Cyclin.B1,1
DLL1,1
GPC6,1
hnRNP.A2.B1,1
HVEM,1
IL.1Ra,1
Keratin.18,1
LIGHT,1
MIF,1
NLGNX,1
OMD,1
PIM1,1
PKB.beta,1
Semaphorin.3E,1
SET,1
BAFF.Receptor,1
BRF.1,1
Fas..soluble,1
sLeptin.R,1
DR6,1
CAD15,1
CD27,1
RANK,1
SHPS1,1
FABP,1
Troponin.I..skeletal..fast.twitch,2
Troponin.I,1
ANP,1
ALCAM,1
ASGR1,0
CNDP1,0
COLEC12,1
CYTN,1
DEAD.box.protein.19B,1
Ficolin.3,1
GAS1,1
GRB2.adapter.protein,1
H6ST1,1
HSP.90b,1
IL.17.RC,1
MED.1,1
PKC.B.II,1
PKC.G,1
PSMA,1
RANTES,1
RASA1,1
RBP,0
RGMA,2
RS3A,1
sICAM.2,1
SLAF7,1
SRCN1,1
Stress.induced.phosphoprotein.1,1
Testican.1,0
Testican.2,1
WNK3,1
RUXF,1
Cathepsin.D,1
EGF,1
GITR,1
bFGF.R,1
TRAIL.R2,1
NRP1,1
AFP,1
BID,1
b.NGF,1
C3d,1
CD70,1
Cripto,1
Epo,1
GDNF,1
IFN.g.R1,1
IL.9,1
LIF.sR,1
NG36,1
Noggin,1
S100A12,1
tau,1
X14.3.3.protein.zeta.delta,1
X3HAO,1
aldolase.A,1
ARGI1,1
BAD,1
Dynactin.subunit.2,1
EF.1.beta,1
eIF.4H,1
eIF.5A.1,1
Gastrin.releasing.peptide,1
HINT1,1
HSP70.protein.8,0
Nucleoside.diphosphate.kinase.A,1
PEX5,1
PSME1,1
S100A7,1
WISP.3,1
Ferritin,1
TNF.a,1
TWEAK,1
Tpo,1
PTH,1
Somatostatin.28,1
MP2K3,1
p53,1
PolyUbiquitin.K48,0
PolyUbiquitin.K63,1
NET1,1
CD47,1
ANK2,1
X14.3.3.protein.theta,1
CREL1,1
Lectin..mannose.binding.2,1
LRP1B,2
MYPC1,1
N.terminal.pro.BNP,2
Tropomyosin.4,1
PACAP.27,1
ghrelin,1
PACAP.38,1
a.Synuclein,1
BMP.6,1
HGH,1
SOD3,1
RSPO4,2
Cathepsin.H,1
Activin.AB,1
PSA,1
IGFBP.2,0
RNase.H1,1
ROR1,1
CgA,1
MMP.10,1
FBLN3,1
Leptin,1
KEAP1,1
gpIIbIIIa,1
Eotaxin.3,1
SUMO3,1
IL.17,1
CSRP3,0
MMP.8,1
PGM1,1
DSCAM,1
MUC1,1
FAM3B,1
NEUREGULIN.1,1
INGR2,1
sLRP1,1
IFN.a.b.R1,1
TFF1,1
HMGN1,1
MIG,0
CD63,1
Trefoil.factor.2,1
Galectin.7,1
LEG9,1
UB2G2,1
Transgelin.2,1
ATPO,1
Corticotropin.lipotropin,1
QORL1,2
PEDF,1
CATF,1
FTCD,1
UBP25,1
PLXB2,1
